,step,avg_delay,avg_waiting,avg_driving_time,avg_speed,avg_collapsed
0,0,0,0,0.0,0.0,0
1,1,0,0,0.0,0.0,0
2,2,0,0,0.0,0.0,0
3,3,0,0,0.0,0.0,0
4,4,0,0,0.0,0.0,0
5,5,0,0,0.0,0.0,0
6,6,0,0,0.0,0.0,0
7,7,0,0,0.0,0.0,0
8,8,0,0,0.0,0.0,0
9,9,0,0,0.0,0.0,0
10,10,0,0,0.0,0.0,0
11,11,0,0,0.0,0.0,0
12,12,0,0,0.0,0.0,0
13,13,0,0,0.0,0.0,0
14,14,0,0,0.0,0.0,0
15,15,0,0,0.0,0.0,0
16,16,0,0,0.0,0.0,0
17,17,0,0,0.0,0.0,0
18,18,0,0,0.0,0.0,0
19,19,0,0,0.0,0.0,0
20,20,0,0,0.0,0.0,0
21,21,0,0,0.0,0.0,0
22,22,0,0,0.0,0.0,0
23,23,0,0,0.0,0.0,0
24,24,0,0,0.0,0.0,0
25,25,0,0,0.0,0.0,0
26,26,0,0,0.0,0.0,0
27,27,0,0,0.0,0.0,0
28,28,0,0,0.0,0.0,0
29,29,0,0,0.0,0.0,0
30,30,0,0,0.0,0.0,0
31,31,0,0,0.0,0.0,0
32,32,0,0,0.0,0.0,0
33,33,0,0,0.0,0.0,0
34,34,0,0,0.0,0.0,0
35,35,0,0,14.0,925.7657142857138,0
36,36,0,0,14.0,925.7657142857138,0
37,37,0,0,14.0,925.7657142857138,0
38,38,0,0,25.5,497.67069498069475,0
39,39,0,0,25.5,497.67069498069475,0
40,40,0,0,18.333333333333332,576.1304633204632,0
41,41,0,0,18.333333333333332,576.1304633204632,0
42,42,0,0,14.0,595.3728474903473,0
43,43,0,0,18.6,496.90779150579135,0
44,44,0,0,18.6,496.90779150579135,0
45,45,0,0,18.6,496.90779150579135,0
46,46,0,0,18.6,496.90779150579135,0
47,47,0,0,18.6,496.90779150579135,0
48,48,0,0,18.6,496.90779150579135,0
49,49,0,0,18.6,496.90779150579135,0
50,50,0,0,17.833333333333332,582.227683397683,0
51,51,0,0,17.833333333333332,582.227683397683,0
52,52,0,0,17.833333333333332,582.227683397683,0
53,53,0,0,17.833333333333332,582.227683397683,0
54,54,0,0,17.833333333333332,582.227683397683,0
55,55,0,0,17.833333333333332,582.227683397683,0
56,56,0,0,16.714285714285715,562.3103000551569,0
57,57,0,0,16.714285714285715,562.3103000551569,0
58,58,0,0,16.714285714285715,562.3103000551569,0
59,59,0,0,16.714285714285715,562.3103000551569,0
60,60,0,0,16.714285714285715,562.3103000551569,0
61,61,0,0,16.714285714285715,562.3103000551569,0
62,62,0,0,16.714285714285715,562.3103000551569,0
63,63,0,0,16.714285714285715,562.3103000551569,0
64,64,0,0,16.714285714285715,562.3103000551569,0
65,65,0,0,20.555555555555557,507.6702510129174,0
66,66,0,0,20.555555555555557,507.6702510129174,0
67,67,0,0,20.555555555555557,507.6702510129174,0
68,68,0,0,22.2,461.6261988845987,0
69,69,0,0,22.2,461.6261988845987,0
70,70,0,0,20.545454545454547,605.441998985999,0
71,71,0,0,20.545454545454547,605.441998985999,0
72,72,0,0,20.545454545454547,605.441998985999,0
73,73,0,0,20.545454545454547,605.441998985999,0
74,74,0,0,20.545454545454547,605.441998985999,0
75,75,0,0,24.583333333333332,563.6686439980352,0
76,76,0,0,24.583333333333332,563.6686439980352,0
77,77,0,0,24.583333333333332,563.6686439980352,0
78,78,0,0,28.615384615384617,528.8967103438407,0
79,79,0,0,28.615384615384617,528.8967103438407,0
80,80,0,0,30.785714285714285,502.03873708683517,0
81,81,0,0,30.785714285714285,502.03873708683517,0
82,82,0,0,30.785714285714285,502.03873708683517,0
83,83,0,0,30.785714285714285,502.03873708683517,0
84,84,0,0,30.785714285714285,502.03873708683517,0
85,85,0,0,30.785714285714285,502.03873708683517,0
86,86,0,0,34.06666666666667,475.91713794771283,0
87,87,0,0,34.06666666666667,475.91713794771283,0
88,88,0,0,36.75,450.19903760520157,0
89,89,0,0,36.75,450.19903760520157,0
90,90,0,0,36.75,450.19903760520157,0
91,91,0,0,36.75,450.19903760520157,0
92,92,0,0,36.75,450.19903760520157,0
93,93,0,0,39.11764705882353,433.1141897094028,0
94,94,0,0,40.44444444444444,412.35594107475345,0
95,95,0,0,41.05,387.1384997701714,0
96,96,0,0,41.63636363636363,384.4996415022948,0
97,97,0,0,39.869565217391305,510.76226578480373,0
98,98,0,0,39.869565217391305,510.76226578480373,0
99,99,0,0,39.869565217391305,510.76226578480373,0
100,100,0,0,40.458333333333336,506.0623565622887,0
101,101,0,0,40.458333333333336,506.0623565622887,0
102,102,0,0,40.458333333333336,506.0623565622887,0
103,103,0,0,40.458333333333336,506.0623565622887,0
104,104,0,0,40.458333333333336,506.0623565622887,0
105,105,0,0,40.458333333333336,506.0623565622887,0
106,106,0,0,40.44,489.79228229979714,0
107,107,0,0,38.92307692307692,916.2925791344203,0
108,108,0,0,40.333333333333336,883.5940564824961,0
109,109,0,0,40.333333333333336,883.5940564824961,0
110,110,0,0,39.89655172413793,877.5121401624115,0
111,111,0,0,39.89655172413793,877.5121401624115,0
112,112,0,0,39.89655172413793,877.5121401624115,0
113,113,0,0,41.13333333333333,849.9813978279933,0
114,114,0,0,42.483870967741936,824.9835369575218,0
115,115,0,0,43.0,799.4570387157348,0
116,116,0,0,42.90909090909091,778.9893405728338,0
117,117,0,0,42.90909090909091,778.9893405728338,0
118,118,0,0,44.35294117647059,758.3755748015101,0
119,119,0,0,45.17142857142857,741.7416660107037,0
120,120,0,0,45.17142857142857,741.7416660107037,0
121,121,0,0,45.02777777777778,726.3008975104063,0
122,122,0,0,46.270270270270274,708.5211464936416,0
123,123,0,0,46.270270270270274,708.5211464936416,0
124,124,0,0,47.38461538461539,681.9095219741055,0
125,125,0,0,49.65853658536585,653.4528075432595,0
126,126,0,0,49.65853658536585,653.4528075432595,0
127,127,0,0,49.65853658536585,653.4528075432595,0
128,128,0,0,51.627906976744185,631.0468407467004,0
129,129,0,0,51.627906976744185,631.0468407467004,0
130,130,0,0,50.77272727272727,635.7905164440157,0
131,131,0,0,50.77272727272727,635.7905164440157,0
132,132,0,0,50.77272727272727,635.7905164440157,0
133,133,0,0,50.77272727272727,635.7905164440157,0
134,134,0,0,50.77272727272727,635.7905164440157,0
135,135,0,0,50.84444444444444,623.6952210168647,0
136,136,0,0,51.659574468085104,627.9962852616461,0
137,137,0,0,51.659574468085104,627.9962852616461,0
138,138,0,0,55.68,593.0317740710059,0
139,139,0,0,55.68,593.0317740710059,0
140,140,0,0,56.92156862745098,582.3336654675376,0
141,141,0,0,56.01923076923077,572.0580180547003,0
142,142,0,0,59.166666666666664,554.4806367713505,0
143,143,0,0,59.763636363636365,545.3691429802508,0
144,144,0,0,59.763636363636365,545.3691429802508,0
145,145,0,0,59.660714285714285,539.2923527286193,0
146,146,0,0,59.758620689655174,524.4229592268211,0
147,147,0,0,61.220338983050844,516.048488359963,0
148,148,0,0,61.220338983050844,516.048488359963,0
149,149,0,0,61.220338983050844,516.048488359963,0
150,150,0,0,61.721311475409834,505.46109179452424,0
151,151,0,0,60.88709677419355,515.9839774107415,0
152,152,0,0,60.88709677419355,515.9839774107415,0
153,153,0,0,61.142857142857146,509.68665597997943,0
154,154,0,0,61.142857142857146,509.68665597997943,0
155,155,0,0,61.142857142857146,509.68665597997943,0
156,156,0,0,61.142857142857146,509.68665597997943,0
157,157,0,0,61.142857142857146,509.68665597997943,0
158,158,0,0,61.142857142857146,509.68665597997943,0
159,159,0,0,61.142857142857146,509.68665597997943,0
160,160,0,0,63.09090909090909,490.58662081077154,0
161,161,0,0,63.09090909090909,490.58662081077154,0
162,162,0,0,63.3235294117647,488.8470268319817,0
163,163,0,0,63.57142857142857,479.02981460081503,0
164,164,0,0,63.57142857142857,479.02981460081503,0
165,165,0,0,64.56338028169014,472.68366837877284,0
166,166,0,0,66.97260273972603,461.0812531625603,0
167,167,0,0,68.17567567567568,454.9070002611951,0
168,168,0,0,68.29333333333334,451.81765670792896,0
169,169,0,0,68.48684210526316,447.3026526643719,0
170,170,0,0,70.7625,429.35498536560834,0
171,171,0,0,70.7625,429.35498536560834,0
172,172,0,0,70.7625,429.35498536560834,0
173,173,0,0,70.97560975609755,422.19507460748486,0
174,174,0,0,71.4,413.13374853448136,0
175,175,0,0,71.17241379310344,406.6352714244073,0
176,176,0,0,71.17241379310344,406.6352714244073,0
177,177,0,0,71.17241379310344,406.6352714244073,0
178,178,0,0,71.17241379310344,406.6352714244073,0
179,179,0,0,71.19318181818181,402.7835816962034,0
180,180,0,0,72.25555555555556,397.3523317049445,0
181,181,0,0,72.25555555555556,397.3523317049445,0
182,182,0,0,72.25555555555556,397.3523317049445,0
183,183,0,0,73.30851063829788,385.40529178602867,0
184,184,0,0,74.41052631578947,382.14322189023244,0
185,185,0,0,73.73195876288659,381.17002297567427,0
186,186,0,0,73.08163265306122,389.2772268228613,0
187,187,0,0,73.08163265306122,389.2772268228613,0
188,188,0,0,73.08163265306122,389.2772268228613,0
189,189,0,0,73.08163265306122,389.2772268228613,0
190,190,0,0,72.05825242718447,372.8983107032467,0
191,191,0,0,72.95192307692308,370.2153094639672,0
192,192,0,0,73.79047619047618,367.23034733301785,0
193,193,0,0,73.9622641509434,364.27461805136915,0
194,194,0,0,73.9622641509434,364.27461805136915,0
195,195,0,0,74.61111111111111,358.7009013460008,0
196,196,0,0,75.57798165137615,356.1117615783005,0
197,197,0,0,77.29729729729729,349.9356492997813,0
198,198,0,0,78.23214285714286,347.5382676194163,0
199,199,0,0,78.97368421052632,343.8557541993428,0
200,200,0,0,79.1025641025641,337.9236177534199,0
201,201,0,0,78.0,346.36878025076084,0
202,202,0,0,78.64462809917356,343.73518575409213,0
203,203,0,0,79.47154471544715,339.3199927204615,0
204,204,0,0,79.47154471544715,339.3199927204615,0
205,205,0,0,79.30645161290323,340.3089703625464,0
206,206,0,0,80.5079365079365,336.2477243942357,0
207,207,0,0,81.10236220472441,333.975380107667,0
208,208,0,0,81.0703125,334.04793446356285,0
209,209,0,0,80.93023255813954,334.1726570092495,0
210,210,0,0,81.53030303030303,328.2496434387582,0
211,211,0,0,82.27067669172932,326.06099198433145,0
212,212,0,0,82.82089552238806,323.8976952588456,0
213,213,0,0,82.82089552238806,323.8976952588456,0
214,214,0,0,83.59558823529412,320.1935346968591,0
215,215,0,0,85.07142857142857,313.9587574274141,0
216,216,0,0,84.54225352112677,318.50692985801396,0
217,217,0,0,84.45833333333333,314.10459002024237,0
218,218,0,0,84.45833333333333,314.10459002024237,0
219,219,0,0,85.10344827586206,312.1285126462167,0
220,220,0,0,85.41891891891892,308.0440711695615,0
221,221,0,0,85.78523489932886,306.65372649248866,0
222,222,0,0,86.64900662251655,304.0757283007166,0
223,223,0,0,86.52287581699346,301.74083941589026,0
224,224,0,0,87.73548387096774,298.47612584732747,0
225,225,0,0,89.12101910828025,295.48302764591557,0
226,226,0,0,89.44303797468355,294.0114885920987,0
227,227,0,0,89.86875,291.21017190777445,0
228,228,0,0,90.30674846625767,287.4988782164306,0
229,229,0,0,90.84146341463415,286.2379772736201,0
230,230,0,0,90.84146341463415,286.2379772736201,0
231,231,0,0,90.84146341463415,286.2379772736201,0
232,232,0,0,92.01807228915662,283.860850534203,0
233,233,0,0,92.19760479041916,283.10588028952,0
234,234,0,0,92.79761904761905,281.50012113284964,0
235,235,0,0,94.53142857142858,282.45915487597165,0
236,236,0,0,95.29943502824858,279.8271286511226,0
237,237,0,0,95.29943502824858,279.8271286511226,0
238,238,0,0,95.68156424581005,278.0615534913129,0
239,239,0,0,96.13888888888889,276.7821191429529,0
240,240,0,0,96.45945945945945,279.17301636927664,0
241,241,0,0,95.9090909090909,281.17121940276036,0
242,242,0,0,95.9090909090909,281.17121940276036,0
243,243,0,0,96.61052631578947,278.41634372755834,0
244,244,0,0,97.97927461139896,274.43648925016896,0
245,245,0,0,99.14358974358974,272.25680959460544,0
246,246,0,0,99.30102040816327,270.94259353309445,0
247,247,0,0,100.23115577889448,291.94063961038114,0
248,248,0,0,100.23115577889448,291.94063961038114,0
249,249,0,0,100.02475247524752,290.5499857178343,0
250,250,0,0,101.83574879227054,285.36942704150215,0
251,251,0,0,102.01923076923077,284.78135905435204,0
252,252,0,0,103.00952380952381,282.300681168575,0
253,253,0,0,104.22641509433963,279.9597708380912,0
254,254,0,0,104.22641509433963,279.9597708380912,0
255,255,0,0,105.78801843317973,275.431172774088,0
256,256,0,0,106.00913242009132,273.9596352892271,0
257,257,0,0,105.91928251121077,349.55322119587345,0
258,258,0,0,105.98684210526316,344.7809221372392,0
259,259,0,0,106.89565217391305,342.315441201347,0
260,260,0,0,107.02155172413794,340.6379533141992,0
261,261,0,0,107.33476394849785,339.6040178922499,0
262,262,0,0,108.08936170212766,337.11635740628896,0
263,263,0,0,108.05907172995781,334.43999097656393,0
264,264,0,0,108.95416666666667,330.84806172689827,0
265,265,0,0,108.13168724279835,330.4378040355625,0
266,266,0,0,108.73877551020408,328.20870962497617,0
267,267,0,0,109.67338709677419,325.01807910674836,0
268,268,0,0,110.8015873015873,322.0931594172392,0
269,269,0,0,111.12648221343873,321.0916558073449,0
270,270,0,0,111.3359375,318.22756995953296,0
271,271,0,0,111.3359375,318.22756995953296,0
272,272,0,0,111.81153846153846,350.57809356586694,0
273,273,0,0,113.1780303030303,346.83786840831993,0
274,274,0,0,113.42264150943396,345.89349315759534,0
275,275,0,0,113.3731343283582,347.2125831389042,0
276,276,0,0,113.43494423791822,346.89125812294606,0
277,277,0,0,114.54243542435424,344.60269663805326,0
278,278,0,0,115.79636363636364,340.6493854051144,0
279,279,0,0,116.59352517985612,337.39714277530663,0
280,280,0,0,116.5663082437276,336.55279406719086,0
281,281,0,0,116.5017793594306,334.3204478412412,0
282,282,0,0,116.09219858156028,363.82427604038577,0
283,283,0,0,115.86013986013987,362.2810226917928,0
284,284,0,0,116.5916955017301,358.8541973531671,0
285,285,0,0,116.53951890034364,357.3681444814814,0
286,286,0,0,116.98976109215018,355.0705039076841,0
287,287,0,0,117.56462585034014,354.0307509925326,0
288,288,0,0,118.03728813559322,352.87402260098634,0
289,289,0,0,119.12751677852349,349.52698631825535,0
290,290,0,0,119.14238410596026,352.97883776448657,0
291,291,0,0,119.29372937293729,351.89334745083244,0
292,292,0,0,119.25081433224756,431.16717159674135,0
293,293,0,0,119.65695792880258,428.7776895657087,0
294,294,0,0,119.46006389776358,426.46641859029967,0
295,295,0,0,120.78930817610063,420.756849883574,0
296,296,0,0,120.596875,418.72331198251584,0
297,297,0,0,121.14241486068111,415.0799085320592,0
298,298,0,0,121.26851851851852,413.946141096032,0
299,299,0,0,121.30981595092024,412.36695017795796,0
300,300,0,0,121.08231707317073,410.1455439211128,0
301,301,0,0,120.9726443768997,409.035241356003,0
302,302,0,0,120.60909090909091,409.25028607916664,0
303,303,0,0,120.75301204819277,408.5422848993146,0
304,304,0,0,121.67655786350149,403.54241018978195,0
305,305,0,0,122.23684210526316,398.29403866228273,0
306,306,0,0,122.4198250728863,397.27192413777686,0
307,307,0,0,122.70144927536232,395.10037659670155,0
308,308,0,0,122.70144927536232,395.10037659670155,0
309,309,0,0,122.5014409221902,393.54418308299347,0
310,310,0,0,122.44285714285714,390.76688688833605,0
311,311,0,0,122.57102272727273,391.15951395147056,0
312,312,0,0,123.02824858757062,389.30735226770435,0
313,313,0,0,123.02535211267606,388.25106048805395,0
314,314,0,0,123.91899441340782,385.22690464385755,0
315,315,0,0,124.08587257617728,382.8935561078195,0
316,316,0,0,123.86301369863014,380.7788546882646,0
317,317,0,0,124.16939890710383,379.8864511304889,0
318,318,0,0,125.46091644204851,375.5342704259579,0
319,319,0,0,125.52815013404826,374.07079593775717,0
320,320,0,0,126.57894736842105,368.7314426407159,0
321,321,0,0,126.71916010498688,367.8764134824288,0
322,322,0,0,127.13612565445027,366.95861303707335,0
323,323,0,0,127.49740932642487,364.103320420862,0
324,324,0,0,127.43410852713178,363.39284697555587,0
325,325,0,0,127.37789203084833,361.98766368503726,0
326,326,0,0,127.37789203084833,361.98766368503726,0
327,327,0,0,127.35805626598466,405.5148161757008,0
328,328,0,0,127.9771573604061,402.67565211982946,0
329,329,0,0,128.27959697733,400.91926625066475,0
330,330,0,0,128.773631840796,396.8281989168098,0
331,331,0,0,128.82920792079207,396.658580220302,0
332,332,0,0,129.51724137931035,394.81538960367095,0
333,333,0,0,130.28117359413204,392.19273380307334,0
334,334,0,0,130.28117359413204,392.19273380307334,0
335,335,0,0,130.95145631067962,389.54302465350065,0
336,336,0,0,130.94685990338164,388.2553165853459,0
337,337,0,0,131.9,404.9617457430198,0
338,338,0,0,132.45734597156397,403.2314251123228,0
339,339,0,0,132.62588235294118,400.574528715526,0
340,340,0,0,132.76401869158877,398.26964899496176,0
341,341,0,0,132.79767441860466,397.61281238464926,0
342,342,0,0,133.59907834101384,394.4809872952456,0
343,343,0,0,133.8440366972477,392.8051001327805,0
344,344,0,0,135.00904977375566,388.4102874594552,0
345,345,0,0,135.13707865168539,386.1545949137445,0
346,346,0,0,135.0134529147982,385.55503920765995,0
347,347,0,0,135.0134529147982,385.55503920765995,0
348,348,0,0,135.60579064587972,383.1655436953606,0
349,349,0,0,135.6888888888889,382.42523233942876,0
350,350,0,0,135.24175824175825,388.00749866803153,0
351,351,0,0,135.0873362445415,387.8332729471277,0
352,352,0,0,135.13289760348584,387.0921547054128,0
353,353,0,0,136.19098712446353,382.58520382560135,0
354,354,0,0,136.5255319148936,379.8972654222362,0
355,355,0,0,137.0210970464135,377.4174797439926,0
356,356,0,0,136.9100418410042,374.7916849253629,0
357,357,0,0,137.2033195020747,408.5684397494281,0
358,358,0,0,137.296066252588,407.82159430048944,0
359,359,0,0,137.78395061728395,405.51968109840226,0
360,360,0,0,138.1747967479675,401.26574491673443,0
361,361,0,0,137.80769230769232,402.7452098694412,0
362,362,0,0,138.20362903225808,401.3136047130176,0
363,363,0,0,139.354,398.46455479676547,0
364,364,0,0,140.4543650793651,395.5289309386701,0
365,365,0,0,141.0810276679842,394.1835536911404,0
366,366,0,0,141.87033398821217,392.0652810940561,0
367,367,0,0,142.01568627450982,391.32314328798935,0
368,368,0,0,142.99805447470817,388.7220977803756,0
369,369,0,0,143.66537717601548,386.75109402297596,0
370,370,0,0,143.52123552123552,386.33340431653573,0
371,371,0,0,143.6423076923077,385.1945004084198,0
372,372,0,0,144.1147227533461,383.34366456202673,0
373,373,0,0,144.44507575757575,380.75265516825016,0
374,374,0,0,144.1943396226415,380.0310613765949,0
375,375,0,0,144.203007518797,378.83213246635506,0
376,376,0,0,144.6078799249531,378.1444552322093,0
377,377,0,0,145.27407407407406,382.7415916433312,0
378,378,0,0,145.50460405156537,380.84290532734434,0
379,379,0,0,145.4862385321101,379.891084294727,0
380,380,0,0,144.83788706739526,381.40977781638776,0
381,381,0,0,145.3822463768116,379.60597909898246,0
382,382,0,0,145.54774774774774,377.89000681054836,0
383,383,0,0,145.90697674418604,375.5529534401973,0
384,384,0,0,145.83807829181495,374.5890938848776,0
385,385,0,0,145.77972027972027,369.4910358137922,0
386,386,0,0,145.90924956369983,368.9561307854007,0
387,387,0,0,146.08347826086955,368.06633924570514,0
388,388,0,0,147.03103448275863,365.26903374860564,0
389,389,0,0,147.26758147512865,363.58502114664105,0
390,390,0,0,146.93367346938774,361.42687567836765,0
391,391,0,0,147.28692699490662,360.8538963107796,0
392,392,0,0,147.68866328257192,359.72678854351153,0
393,393,0,0,147.79595278246205,358.800773714638,0
394,394,0,0,147.88107202680067,357.1393456301355,0
395,395,0,0,148.43853820598008,354.5028065336179,0
396,396,0,0,148.57615894039736,354.81361521074837,0
397,397,0,0,148.74917491749176,353.8207767757901,0
398,398,0,0,148.80921052631578,352.9925968124372,0
399,399,0,0,149.56628477905073,351.64337302279256,0
400,400,0,0,149.18923327895595,351.5705007319287,0
401,401,0,0,149.20813008130082,350.7927632408402,0
402,402,0,0,149.04200323101776,362.75275346871905,0
403,403,0,0,149.49839743589743,361.3112802670057,0
404,404,0,0,149.939586645469,359.05099488633164,0
405,405,0,0,149.93512658227849,357.74925526144835,0
406,406,0,0,150.8317610062893,355.8110461138354,0
407,407,0,0,151.34898278560252,354.336328121316,0
408,408,0,0,151.86625194401245,352.31792737435933,0
409,409,0,0,151.9273570324575,350.40461745183825,0
410,410,0,0,151.8095238095238,350.0925344915246,0
411,411,0,0,152.01984732824428,350.1701297485489,0
412,412,0,0,152.12328767123287,349.30424424384404,0
413,413,0,0,152.31259484066769,348.38673049620985,0
414,414,0,0,152.23146747352496,347.627834011211,0
415,415,0,0,152.21686746987953,346.65068147906806,0
416,416,0,0,152.19940029985008,345.3379598846959,0
417,417,0,0,152.49553571428572,343.21900525631537,0
418,418,0,0,152.29333333333332,342.2202416139207,0
419,419,0,0,152.7315634218289,341.057567086631,0
420,420,0,0,152.6818851251841,340.62071320507874,0
421,421,0,0,153.03823529411764,340.1588854995091,0
422,422,0,0,153.45029239766083,338.39692649175157,0
423,423,0,0,153.5749636098981,337.10293704568863,0
424,424,0,0,153.79710144927537,335.9216111259597,0
425,425,0,0,154.617816091954,333.64467286021306,0
426,426,0,0,155.0343347639485,333.14050803295083,0
427,427,0,0,155.41595441595442,331.98873204170997,0
428,428,0,0,155.4630681818182,331.2072621983283,0
429,429,0,0,155.58723404255318,330.80505244019736,0
430,430,0,0,156.15752461322083,328.43800909195363,0
431,431,0,0,156.4867132867133,327.79744912802965,0
432,432,0,0,156.5891364902507,326.63982632124356,0
433,433,0,0,156.77115117891816,325.51299928775325,0
434,434,0,0,157.37016574585635,324.31375571825936,0
435,435,0,0,157.39285714285714,322.96507806220507,0
436,436,0,0,157.23939808481532,321.911208536794,0
437,437,0,0,158.1112618724559,319.5689062972758,0
438,438,0,0,158.14729729729729,318.4787487114054,0
439,439,0,0,158.19433198380565,318.1083839298729,0
440,440,0,0,158.00934579439252,316.4812281079578,0
441,441,0,0,157.972,316.0856562140703,0
442,442,0,0,158.61456953642383,314.3174973065439,0
443,443,0,0,158.5006587615283,313.46020666593813,0
444,444,0,0,158.54461942257217,312.54998025423595,0
445,445,0,0,158.91264667535853,310.99905668581596,0
446,446,0,0,158.8439531859558,310.40430820780836,0
447,447,0,0,159.10090556274255,309.1337727004021,0
448,448,0,0,159.35089974293058,307.40258828314853,0
449,449,0,0,159.35089974293058,307.40258828314853,0
450,450,0,0,159.1764705882353,306.10853796344446,0
451,451,0,0,159.18170266836086,304.83725663817603,0
452,452,0,0,159.48798988621996,303.47875973985737,0
453,453,0,0,159.87531486146096,302.52040702276923,0
454,454,0,0,160.19723618090453,301.8808095717534,0
455,455,0,0,160.08281053952322,302.0478229032601,0
456,456,0,0,160.37046307884856,301.3624223890099,0
457,457,0,0,160.41095890410958,311.57793619312037,0
458,458,0,0,160.5080745341615,310.888970969981,0
459,459,0,0,160.66625310173697,310.56409657465025,0
460,460,0,0,161.3337453646477,309.5390473128922,0
461,461,0,0,161.8152709359606,308.45660233293324,0
462,462,0,0,162.07125307125307,307.79354552964446,0
463,463,0,0,162.21149144254278,306.63181922340067,0
464,464,0,0,162.7076735688185,305.62845573306436,0
465,465,0,0,162.9126213592233,304.8279624704138,0
466,466,0,0,163.0096501809409,305.2823367013324,0
467,467,0,0,163.10963855421687,305.0503638595823,0
468,468,0,0,163.409307875895,303.0377186842713,0
469,469,0,0,163.62857142857143,302.4611116445946,0
470,470,0,0,163.37041420118342,301.53959195268635,0
471,471,0,0,163.6146572104019,301.2384769152367,0
472,472,0,0,163.6146572104019,301.2384769152367,0
473,473,0,0,163.82096584216725,300.4160509151188,0
474,474,0,0,164.22599531615924,298.87908403936217,0
475,475,0,0,164.53317811408616,297.9589842322388,0
476,476,0,0,164.80116279069767,297.63815250197166,0
477,477,0,0,165.13937282229966,297.3021747589839,0
478,478,0,0,165.3791907514451,296.2333255575941,0
479,479,0,0,165.39376443418013,295.915989153948,0
480,480,0,0,165.76294591484464,295.07318456332274,0
481,481,0,0,165.72183908045977,294.7508825828344,0
482,482,0,0,165.796785304248,294.4344855774685,0
483,483,0,0,165.93127147766322,293.88187951274574,0
484,484,0,0,166.22006841505132,292.84961689354344,0
485,485,0,0,166.0204081632653,291.84277243329285,0
486,486,0,0,166.2344280860702,291.5345813937388,0
487,487,0,0,166.51015801354401,290.6402199452889,0
488,488,0,0,166.6580427446569,289.91212653761164,0
489,489,0,0,166.86995515695068,289.59708787946306,0
490,490,0,0,166.74356103023516,289.3261753759275,0
491,491,0,0,167.24553571428572,288.5173165149116,0
492,492,0,0,167.25529542920847,288.2690125236616,0
493,493,0,0,167.17073170731706,287.2151799853858,0
494,494,0,0,167.24061810154527,286.6483015079632,0
495,495,0,0,167.29605263157896,285.2117560607847,0
496,496,0,0,167.3238512035011,284.74005637575016,0
497,497,0,0,167.59760087241003,283.93287797999164,0
498,498,0,0,167.72529858849077,283.0171256216682,0
499,499,0,0,168.0400866738895,282.52868017189434,0
500,500,0,0,168.04422869471412,281.4975293345593,0
501,501,0,0,168.27987082884823,281.010482784144,0
502,502,0,0,168.5058949624866,279.9470624963452,0
503,503,0,0,168.6292735042735,279.3670456447166,0
504,504,0,0,168.46268656716418,279.0633584737865,0
505,505,0,0,168.88441145281018,277.7632349898974,0
506,506,0,0,169.4065469904963,276.8081790875382,0
507,507,0,0,169.4065469904963,276.8081790875382,0
508,508,0,0,169.2118018967334,276.6056540011888,0
509,509,0,0,169.2263157894737,276.49468342493213,0
510,510,0,0,168.9843260188088,278.5748609649172,0
511,511,0,0,168.8456725755996,278.0687134683556,0
512,512,0,0,169.13111342351718,277.6051948853308,0
513,513,0,0,169.18737060041408,276.44108766351576,0
514,514,0,0,169.9659793814433,275.489330388481,0
515,515,0,0,169.90368852459017,274.0826814996494,0
516,516,0,0,170.093142272262,273.8520682918348,0
517,517,0,0,170.14096016343208,273.4112648125799,0
518,518,0,0,170.3265720081136,272.4660344565459,0
519,519,0,0,170.2532928064843,272.31152676082047,0
520,520,0,0,170.8393574297189,270.87745346797936,0
521,521,0,0,170.85771543086173,270.4902340149946,0
522,522,0,0,171.1078921078921,269.9254367685751,0
523,523,0,0,171.60398009950248,269.0439175825082,0
524,524,0,0,172.03472222222223,268.47204318801954,0
525,525,0,0,171.9226957383548,268.71014584801026,0
526,526,0,0,172.70443349753694,267.36255825133605,0
527,527,0,0,172.66175024582105,279.8956874141486,0
528,528,0,0,172.52357563850688,280.12187227425255,0
529,529,0,0,172.52357563850688,280.12187227425255,0
530,530,0,0,172.43304007820137,286.43758836356903,0
531,531,0,0,172.49658536585366,286.0668728450745,0
532,532,0,0,172.51167315175098,298.22476465953974,0
533,533,0,0,172.32526621490803,297.09698151822937,0
534,534,0,0,172.32526621490803,297.09698151822937,0
535,535,0,0,172.32369942196533,295.92970158852484,0
536,536,0,0,172.19903846153846,295.4257903541786,0
537,537,0,0,172.29270633397311,294.9740332031827,0
538,538,0,0,172.61244019138755,294.3719661074951,0
539,539,0,0,172.95229007633588,293.6662329587233,0
540,540,0,0,173.38578199052134,292.0159593096753,0
541,541,0,0,173.65846736045413,291.536245189469,0
542,542,0,0,173.81663516068053,291.28467924140784,0
543,543,0,0,173.99245283018868,290.88716369952755,0
544,544,0,0,173.90583804143125,290.536554241398,0
545,545,0,0,174.22492970946578,289.41071525400525,0
546,546,0,0,174.3246024321796,289.2454712778518,0
547,547,0,0,174.3339534883721,296.44246368529804,0
548,548,0,0,174.90841813135984,295.04363292453183,0
549,549,0,0,175.00646352723916,294.5582469385137,0
550,550,0,0,175.4318600368324,293.8679182689483,0
551,551,0,0,175.68715596330276,293.7107771484492,0
552,552,0,0,175.52703941338223,301.3741036588539,0
553,553,0,0,175.86928702010968,300.6319969187478,0
554,554,0,0,175.87967183226982,299.95944808224425,0
555,555,0,0,175.91371480472299,299.3649751779299,0
556,556,0,0,176.17391304347825,298.6853509930056,0
557,557,0,0,176.36799276672696,298.1968190850961,0
558,558,0,0,176.15405405405406,297.4299328891674,0
559,559,0,0,176.56783468104223,296.7263708121797,0
560,560,0,0,176.61469534050178,296.27404744919477,0
561,561,0,0,176.51206434316353,297.10509757526063,0
562,562,0,0,176.65892857142856,296.87744189272723,0
563,563,0,0,176.7305976806423,296.65532960913373,0
564,564,0,0,176.7528888888889,295.70789408779825,0
565,565,0,0,176.687610619469,294.75020433538407,0
566,566,0,0,176.94081272084804,294.3667282583688,0
567,567,0,0,177.37203166226914,293.23487636986556,0
568,568,0,0,177.52410166520596,292.52985337458944,0
569,569,0,0,177.5201401050788,292.31507317640853,0
570,570,0,0,177.55652173913043,290.9579248607679,0
571,571,0,0,177.55864465682015,290.77158840708057,0
572,572,0,0,177.72940156114484,290.3304614693125,0
573,573,0,0,177.52034632034633,290.2461684677574,0
574,574,0,0,177.61159169550174,290.0868359158959,0
575,575,0,0,177.9408233276158,288.23112218995215,0
576,576,0,0,178.4790777113578,287.19034710835274,0
577,577,0,0,178.44510638297874,286.4179202727376,0
578,578,0,0,178.69745762711864,285.34356464862265,0
579,579,0,0,178.75844594594594,284.6800163307881,0
580,580,0,0,178.42304457527334,283.74857736595,0
581,581,0,0,178.5959765297569,283.01809264848515,0
582,582,0,0,178.77759197324414,288.5935714732357,0
583,583,0,0,179.332502078138,287.8436602990355,0
584,584,0,0,179.68294701986756,286.8442231963096,0
585,585,0,0,179.82580115036976,285.82582120472125,0
586,586,0,0,179.98193760262726,285.592218147326,0
587,587,0,0,180.0327868852459,285.1576717803839,0
588,588,0,0,180.16326530612244,284.2783440470815,0
589,589,0,0,180.4430894308943,283.3517032905782,0
590,590,0,0,180.66396761133603,282.478202116398,0
591,591,0,0,180.78074433656957,282.29251693918155,0
592,592,0,0,180.82566585956417,281.79082528360505,0
593,593,0,0,180.883964544722,281.5167530309922,0
594,594,0,0,180.883964544722,281.5167530309922,0
595,595,0,0,181.2255216693419,280.61255979886096,0
596,596,0,0,181.5,280.2928567074673,0
597,597,0,0,181.60623003194888,279.6040679368607,0
598,598,0,0,181.9816733067729,279.14635892050563,0
599,599,0,0,182.06682577565633,278.75621318422947,0
600,600,0,0,182.51426307448494,277.76906478922973,0
601,601,0,0,182.6050552922591,277.16287168053526,0
602,602,0,0,182.81402679275018,276.6321365975723,0
603,603,0,0,182.75314465408806,276.12966264807375,0
604,604,0,0,182.99687010954617,275.16235001818404,0
605,605,0,0,183.02026500389712,274.4025818713156,0
606,606,0,0,183.02026500389712,274.4025818713156,0
607,607,0,0,183.23584173778121,273.8088434989226,0
608,608,0,0,183.3772269558482,273.4715776514314,0
609,609,0,0,183.61978361669242,273.0040928945489,0
610,610,0,0,184.43759630200307,272.25647783877855,0
611,611,0,0,184.48885472713297,271.8742390774513,0
612,612,0,0,184.5487336914812,271.4864973649108,0
613,613,0,0,185.0665137614679,270.5751116238138,0
614,614,0,0,185.3155487804878,269.8396633679422,0
615,615,0,0,185.25266362252663,269.54071731175645,0
616,616,0,0,185.5144376899696,269.21178591049164,0
617,617,0,0,185.53034901365706,268.836446532165,0
618,618,0,0,185.6944655041698,268.66609323514376,0
619,619,0,0,185.86772486772486,268.2446155492411,0
620,620,0,0,185.88612368024133,267.74506655337285,0
621,621,0,0,185.88612368024133,267.74506655337285,0
622,622,0,0,186.14586466165414,267.09802207759424,0
623,623,0,0,186.1177794448612,266.61308513248963,0
624,624,0,0,185.96564600448096,265.7866797534754,0
625,625,0,0,186.27624720774386,265.49987470495614,0
626,626,0,0,186.71290801186944,264.7494638464154,0
627,627,0,0,186.82852919438287,266.3620912251311,0
628,628,0,0,187.02800294767871,265.87486786267897,0
629,629,0,0,187.08529411764707,265.58806994424936,0
630,630,0,0,187.74707602339183,264.31473404008767,0
631,631,0,0,188.12900874635568,264.8920997265047,0
632,632,0,0,188.45170660856937,264.1466762564243,0
633,633,0,0,188.36884057971014,263.7912091355642,0
634,634,0,0,188.28106936416185,263.32003128586115,0
635,635,0,0,188.13780663780665,263.1797285721392,0
636,636,0,0,188.2557636887608,262.83032762774604,0
637,637,0,0,188.61925287356323,262.1323625129408,0
638,638,0,0,188.55483870967743,261.76686891002265,0
639,639,0,0,188.7012893982808,261.5860195923035,0
640,640,0,0,188.67714285714285,260.9660347272742,0
641,641,0,0,188.51497860199714,261.1925452748407,0
642,642,0,0,188.53988603988603,260.8655377632139,0
643,643,0,0,188.863539445629,260.44139710621255,0
644,644,0,0,189.07850070721358,259.60981868261007,0
645,645,0,0,189.1454802259887,259.3798629352652,0
646,646,0,0,189.10500352360816,259.753741895712,0
647,647,0,0,189.18763176387912,259.1696108438459,0
648,648,0,0,189.36185133239832,258.6835874398276,0
649,649,0,0,189.6156533892383,258.0948845548226,0
650,650,0,0,189.3981868898187,258.0515524038755,0
651,651,0,0,189.5240418118467,257.87986528759444,0
652,652,0,0,189.67663421418638,257.51523207507046,0
653,653,0,0,189.9923611111111,257.23823179062333,0
654,654,0,0,189.98403886190147,257.12861126625774,0
655,655,0,0,190.0893351800554,257.1118804498303,0
656,656,0,0,190.0719723183391,256.97178087858475,0
657,657,0,0,190.52033080634047,256.0699135799479,0
658,658,0,0,190.42474226804123,255.662662213989,0
659,659,0,0,190.39931506849314,255.06830875214,0
660,660,0,0,190.30848153214774,256.0620224250687,0
661,661,0,0,190.36295283663705,255.89442022245416,0
662,662,0,0,190.24880708929788,263.16852417017196,0
663,663,0,0,190.18992511912865,263.0267188958975,0
664,664,0,0,190.23945578231292,262.88209132012446,0
665,665,0,0,190.2614864864865,261.6516574155544,0
666,666,0,0,190.6010781671159,261.07836167573197,0
667,667,0,0,190.56182795698925,260.4170789493559,0
668,668,0,0,190.53691275167785,260.16271883351135,0
669,669,0,0,190.6724715338245,259.7657021152989,0
670,670,0,0,190.48133333333334,259.09223141658924,0
671,671,0,0,190.53692614770458,258.7423160378469,0
672,672,0,0,190.60704787234042,258.6012047545411,0
673,673,0,0,191.012591119947,257.8930968372751,0
674,674,0,0,191.20502645502646,257.4322234290049,0
675,675,0,0,191.6407894736842,256.4057500804968,0
676,676,0,0,192.1431385423506,255.9996336686049,0
677,677,0,0,192.55497382198953,255.28408566338086,0
678,678,0,0,192.59712230215828,255.1620938475263,0
679,679,0,0,192.72211350293543,254.60214842079833,0
680,680,0,0,192.99805321219986,253.6241574178753,0
681,681,0,0,193.23071937783538,253.33330938703114,0
682,682,0,0,193.23071937783538,253.33330938703114,0
683,683,0,0,193.31650485436893,253.16324025219194,0
684,684,0,0,193.31650485436893,253.16324025219194,0
685,685,0,0,193.08967741935484,252.644956534097,0
686,686,0,0,193.3208762886598,252.39390915388995,0
687,687,0,0,193.36123631680618,252.2531572806421,0
688,688,0,0,193.12973667308927,252.02238763268983,0
689,689,0,0,192.9852469531751,251.85232119082843,0
690,690,0,0,193.35294117647058,251.1108420730148,0
691,691,0,0,193.4167198468411,250.69410039072864,0
692,692,0,0,193.3514030612245,250.6725808296194,0
693,693,0,0,193.926844783715,250.11242825717886,0
694,694,0,0,193.84200507614213,249.61438123177257,0
695,695,0,0,193.78847371754276,249.33072032776028,0
696,696,0,0,193.9456384323641,248.96040214265662,0
697,697,0,0,194.21857233101704,248.81554438708952,0
698,698,0,0,194.30410094637224,248.63161967391792,0
699,699,0,0,194.22761664564942,248.59094209928202,0
700,700,0,0,194.19535175879398,248.54903673686104,0
701,701,0,0,194.58871473354233,248.16001777387382,0
702,702,0,0,194.5162703379224,247.89765893449993,0
703,703,0,0,194.70206121174266,247.5415201447122,0
704,704,0,0,194.88667496886674,247.08609533294063,0
705,705,0,0,194.95471464019852,246.4422603017754,0
706,706,0,0,195.06323620582765,246.33594774616867,0
707,707,0,0,195.10099132589838,246.22283314680612,0
708,708,0,0,195.01670792079207,246.03831232415652,0
709,709,0,0,195.09814814814814,245.50558310095204,0
710,710,0,0,195.1716923076923,245.02667799449193,0
711,711,0,0,195.28228782287823,244.89616977924317,0
712,712,0,0,195.24677716390423,244.76353078437475,0
713,713,0,0,195.58873929008567,244.2234432412243,0
714,714,0,0,195.6418547895058,243.71820740264693,0
715,715,0,0,196.07303712720633,243.24709057188576,0
716,716,0,0,196.18955042527338,242.93133744203914,0
717,717,0,0,196.20739842328683,242.6681183466411,0
718,718,0,0,196.14026602176543,242.09018335708097,0
719,719,0,0,196.2833836858006,241.97010623143663,0
720,720,0,0,196.1857659831122,241.59003441884278,0
721,721,0,0,196.51802884615384,240.92603041986848,0
722,722,0,0,196.65767386091127,240.49170325762245,0
723,723,0,0,196.7899461400359,240.20097186265414,0
724,724,0,0,197.00179104477613,239.9407881154501,0
725,725,0,0,196.7501487209994,239.924509750168,0
726,726,0,0,197.12537136066547,239.69638421692957,0
727,727,0,0,197.06235154394298,239.74706632543797,0
728,728,0,0,196.90230905861458,239.55359922964263,0
729,729,0,0,196.90230905861458,239.55359922964263,0
730,730,0,0,197.0070796460177,239.37919195551584,0
731,731,0,0,196.92402826855124,239.74458271374127,0
732,732,0,0,196.9424206815511,239.27635280575333,0
733,733,0,0,196.9424206815511,239.27635280575333,0
734,734,0,0,197.05516431924883,239.06658948532055,0
735,735,0,0,196.97426900584796,238.60839661064054,0
736,736,0,0,197.17640186915887,238.4073635633245,0
737,737,0,0,197.22825452422651,238.27522960217362,0
738,738,0,0,197.24810716365755,237.86627130775224,0
739,739,0,0,197.24810716365755,237.86627130775224,0
740,740,0,0,197.40998838559815,237.958026528889,0
741,741,0,0,197.29408352668213,238.22250091336358,0
742,742,0,0,197.3223188405797,238.12604333064957,0
743,743,0,0,197.15095430884904,237.8831853832601,0
744,744,0,0,197.1875360646278,237.5260767642869,0
745,745,0,0,197.05865439907993,237.4255018204238,0
746,746,0,0,197.23880597014926,237.09076214004176,0
747,747,0,0,197.25601374570448,236.80784898125964,0
748,748,0,0,197.41018306636155,236.57381463891278,0
749,749,0,0,197.57657142857144,236.3499162287344,0
750,750,0,0,197.4248291571754,235.76816024710183,0
751,751,0,0,197.4248291571754,235.76816024710183,0
752,752,0,0,197.40125213431986,235.65979804390528,0
753,753,0,0,197.372582480091,235.59441170386035,0
754,754,0,0,197.32215909090908,235.48317136107516,0
755,755,0,0,197.52038505096263,235.0126422560272,0
756,756,0,0,197.65195246179965,234.8901719856042,0
757,757,0,0,197.93054771315641,234.47280979180954,0
758,758,0,0,197.95259593679458,234.3610962736969,0
759,759,0,0,197.88776085730402,234.24883830109096,0
760,760,0,0,198.32038288288288,233.91176136790062,0
761,761,0,0,198.91404494382022,233.48054510235704,0
762,762,0,0,199.1324354657688,233.27510154529594,0
763,763,0,0,199.7058823529412,232.94854884919206,0
764,764,0,0,199.65642458100558,232.57372853628974,0
765,765,0,0,199.95436839176406,232.3600429014916,0
766,766,0,0,199.8876529477197,232.25731734926606,0
767,767,0,0,199.9111111111111,232.03343721143145,0
768,768,0,0,199.81787895613547,231.93071181597813,0
769,769,0,0,199.89590254706533,231.3938024985871,0
770,770,0,0,199.88108407079645,231.16778861956888,0
771,771,0,0,200.03311258278146,231.40403971276936,0
772,772,0,0,200.12011019283747,231.14654654710617,0
773,773,0,0,199.99119911991198,230.94609794845945,0
774,774,0,0,200.2694840834248,230.50725377402915,0
775,775,0,0,200.31728665207876,229.94875549852597,0
776,776,0,0,200.43418896777717,229.6850881528091,0
777,777,0,0,200.599128540305,229.15975399949605,0
778,778,0,0,200.9391304347826,228.86071741384814,0
779,779,0,0,201.2707542051004,228.53789716781736,0
780,780,0,0,201.46475054229936,228.4249010710952,0
781,781,0,0,201.48593073593074,228.65190877815115,0
782,782,0,0,201.5908108108108,228.43229095085914,0
783,783,0,0,202.23586429725364,227.77907058729073,0
784,784,0,0,202.23172043010752,227.50875676682512,0
785,785,0,0,202.0219839142091,227.1297529335809,0
786,786,0,0,202.0219839142091,227.1297529335809,0
787,787,0,0,202.17763509898342,233.30263411782116,0
788,788,0,0,202.1479700854701,233.02338495932585,0
789,789,0,0,202.39466666666667,232.73049539292523,0
790,790,0,0,202.44332091538053,232.42984428080652,0
791,791,0,0,202.34095744680852,232.315418831721,0
792,792,0,0,202.36875664187036,238.33778345178908,0
793,793,0,0,202.6512983571807,237.82064731948745,0
794,794,0,0,202.84521922873745,237.1738292094424,0
795,795,0,0,202.70727848101265,237.0402108676755,0
796,796,0,0,202.83728278041073,236.7808829409545,0
797,797,0,0,202.83728278041073,236.7808829409545,0
798,798,0,0,203.22899159663865,236.25114844738533,0
799,799,0,0,203.06076479832373,235.9240362493259,0
800,800,0,0,203.39791122715405,235.29481551770021,0
801,801,0,0,203.51511991657978,235.1049030380522,0
802,802,0,0,203.6993769470405,243.46932106800818,0
803,803,0,0,203.66822187662,243.2197869013247,0
804,804,0,0,203.6335403726708,242.99726752748302,0
805,805,0,0,204.04222451081358,242.46835320078142,0
806,806,0,0,204.04222451081358,242.46835320078142,0
807,807,0,0,204.16349614395887,242.17069268555707,0
808,808,0,0,204.371854134566,241.96257702409227,0
809,809,0,0,204.31981519507187,241.9454717758243,0
810,810,0,0,204.14738996929376,241.43036999785826,0
811,811,0,0,204.16147164026572,241.73971031524076,0
812,812,0,0,204.35222052067382,241.5483070094528,0
813,813,0,0,204.85648854961832,240.97382991492836,0
814,814,0,0,204.89588623666836,240.58546345379648,0
815,815,0,0,204.85989847715737,240.50652553386766,0
816,816,0,0,204.85989847715737,240.50652553386766,0
817,817,0,0,205.02938196555218,240.09499097183067,0
818,818,0,0,205.16455696202533,239.98057979854303,0
819,819,0,0,205.1837044534413,239.8694637706298,0
820,820,0,0,205.20595658758202,239.426529258652,0
821,821,0,0,205.19062027231467,239.35536883879757,0
822,822,0,0,205.1960685483871,239.25455926108984,0
823,823,0,0,205.64439979909594,238.53311432435416,0
824,824,0,0,205.67185148018064,238.34276557461166,0
825,825,0,0,205.7836755132699,238.0192075567899,0
826,826,0,0,205.61219390304848,239.54595894455383,0
827,827,0,0,205.62025948103792,239.30544130528398,0
828,828,0,0,206.05378486055776,238.95067786891718,0
829,829,0,0,206.04079601990048,238.9138331704011,0
830,830,0,0,206.53571428571428,238.29450437994734,0
831,831,0,0,206.93023255813952,237.81052113533204,0
832,832,0,0,206.99802371541503,237.51857370566177,0
833,833,0,0,206.8626968503937,236.83566569691075,0
834,834,0,0,206.7826941986234,236.72621793877704,0
835,835,0,0,206.99166257969594,236.37452477216962,0
836,836,0,0,207.077902988731,236.19208538505447,0
837,837,0,0,207.08557457212714,235.83414727288311,0
838,838,0,0,207.2783203125,235.61433294330416,0
839,839,0,0,207.6624452021432,235.12577360993254,0
840,840,0,0,207.59106362311803,234.59529512573667,0
841,841,0,0,207.8068898592916,234.38750323988612,0
842,842,0,0,207.69767441860466,234.14672305109548,0
843,843,0,0,207.98646034816247,233.8436661968014,0
844,844,0,0,208.225168756027,233.28233242065147,0
845,845,0,0,208.0674049109292,233.07960379296657,0
846,846,0,0,208.2200864968765,232.75317848948464,0
847,847,0,0,208.514409221902,232.6648115817049,0
848,848,0,0,208.8348492101484,232.08970395063008,0
849,849,0,0,209.29369627507162,231.63785028490383,0
850,850,0,0,209.06660323501427,231.19888072457618,0
851,851,0,0,209.19819391634982,231.01513714650193,0
852,852,0,0,209.37796771130104,230.8332763777017,0
853,853,0,0,209.42789373814043,230.66087354339837,0
854,854,0,0,209.3961192617132,230.3414593792962,0
855,855,0,0,209.43983010854177,229.98097403771675,0
856,856,0,0,209.51556603773585,229.8724924461895,0
857,857,0,0,210.0423131170663,229.20014745878223,0
858,858,0,0,210.02999062792878,228.71205898961054,0
859,859,0,0,210.06554307116104,228.56350426603296,0
860,860,0,0,209.89598880597015,227.89708327182447,0
861,861,0,0,210.19180633147113,227.54486135534188,0
862,862,0,0,210.09002320185616,233.55920676660043,0
863,863,0,0,210.02920723226703,233.61477136506988,0
864,864,0,0,210.22314814814814,233.33945622565653,0
865,865,0,0,210.16597318539067,233.05032923004427,0
866,866,0,0,210.52075645756457,232.61901209469093,0
867,867,0,0,210.5381784728611,232.20195971881427,0
868,868,0,0,210.44761029411765,232.17266779237232,0
869,869,0,0,210.59220183486238,231.80218459374137,0
870,870,0,0,210.84400731930467,231.26545822555167,0
871,871,0,0,211.00594421582076,231.18220126151442,0
872,872,0,0,211.29132420091324,230.910230651053,0
873,873,0,0,211.47721057429354,230.58354077613274,0
874,874,0,0,211.45810564663023,230.4878053368991,0
875,875,0,0,211.69104952294413,230.04589533630894,0
876,876,0,0,211.96333182435492,230.1025569656561,0
877,877,0,0,211.96333182435492,230.1025569656561,0
878,878,0,0,212.20054200542006,229.69021337024444,0
879,879,0,0,212.07039711191337,229.5955780447009,0
880,880,0,0,211.91265195857721,229.35861864559533,0
881,881,0,0,212.00989653621232,229.1889156632365,0
882,882,0,0,212.21463852716658,228.85021234983193,0
883,883,0,0,212.20071684587813,228.4157876257531,0
884,884,0,0,212.15704697986578,228.23640124934224,0
885,885,0,0,212.506678539626,227.40864126569943,0
886,886,0,0,212.48665480427047,227.53784226774735,0
887,887,0,0,212.8533984895602,227.28474186473625,0
888,888,0,0,212.91175166297117,227.13712050436766,0
889,889,0,0,212.82787610619468,226.7498607977475,0
890,890,0,0,212.80502867225408,226.30472079119966,0
891,891,0,0,212.9885462555066,226.05222498996588,0
892,892,0,0,212.9911971830986,225.8721230055897,0
893,893,0,0,212.9767032967033,225.66383178259633,0
894,894,0,0,213.07769973661107,225.42154677023947,0
895,895,0,0,213.10381077529567,225.31321920134718,0
896,896,0,0,213.11422319474835,225.17074324969997,0
897,897,0,0,213.08431629532546,232.51034935261703,0
898,898,0,0,213.03099083369708,232.3609168556764,0
899,899,0,0,212.93507625272332,232.07494078380145,0
900,900,0,0,212.84926151172894,231.5804347037529,0
901,901,0,0,213.36395147313692,231.51321234030183,0
902,902,0,0,213.56425789701427,231.29397841017538,0
903,903,0,0,213.49676025917927,231.01947467890471,0
904,904,0,0,213.71212775140268,230.84230640998373,0
905,905,0,0,213.81602757432142,230.87560390954823,0
906,906,0,0,213.8832902670112,230.7968280250049,0
907,907,0,0,214.30253545337345,230.40381885165095,0
908,908,0,0,214.3618025751073,230.12263946531365,0
909,909,0,0,214.4656946826758,229.99864986622543,0
910,910,0,0,214.400513478819,229.83583416349998,0
911,911,0,0,214.4613413071337,229.50444874278347,0
912,912,0,0,214.60528559249786,229.22887350031888,0
913,913,0,0,214.74649085495534,228.84163325027842,0
914,914,0,0,214.75988100297494,228.70039910666222,0
915,915,0,0,214.87065309584395,228.34907529029306,0
916,916,0,0,214.7478813559322,228.38383076755682,0
917,917,0,0,214.8557529610829,231.1888840536239,0
918,918,0,0,214.84790874524714,230.99140183398646,0
919,919,0,0,215.00042211903758,230.82408428347551,0
920,920,0,0,215.72348484848484,230.46105272912314,0
921,921,0,0,215.77446451070978,231.58318684783,0
922,922,0,0,215.97402597402598,231.14264721380297,0
923,923,0,0,215.85977396400168,231.12098472596728,0
924,924,0,0,215.98662766402006,230.8122638108223,0
925,925,0,0,215.8367432150313,231.58540569817276,0
926,926,0,0,215.89482470784642,231.50896155532573,0
927,927,0,0,216.1552226383687,230.9523294667862,0
928,928,0,0,216.11886949293432,230.86678552125323,0
929,929,0,0,216.18272425249168,230.73703519383918,0
930,930,0,0,216.11364579012857,230.50700927405248,0
931,931,0,0,216.50041390728478,230.0929067601634,0
932,932,0,0,216.4853245142621,231.2062204033203,0
933,933,0,0,216.49855550969872,230.9394703767584,0
934,934,0,0,216.40972794723825,230.84041990158872,0
935,935,0,0,216.396629675298,230.36705233355698,0
936,936,0,0,216.2681724845996,230.2169925369791,0
937,937,0,0,216.4485022568732,230.06383476969185,0
938,938,0,0,216.4510045100451,229.9205755515682,0
939,939,0,0,216.50819000819,229.67204230878656,0
940,940,0,0,216.39779231398202,229.59274745996987,0
941,941,0,0,216.4707805476093,229.51871736861887,0
942,942,0,0,216.65361077111382,231.5234683092552,0
943,943,0,0,216.72920065252856,231.44944897458646,0
944,944,0,0,216.77302363488184,231.29164435146893,0
945,945,0,0,216.7298616761595,231.0831104371257,0
946,946,0,0,216.8258221680877,231.59151167939373,0
947,947,0,0,217.17820980153908,235.86938136261853,0
948,948,0,0,217.09915014164307,235.781601424581,0
949,949,0,0,217.27261712439417,235.4019725006173,0
950,950,0,0,217.4559356136821,234.73896706204008,0
951,951,0,0,217.42989152269988,234.72454963137923,0
952,952,0,0,217.60008022462895,234.39744001303393,0
953,953,0,0,217.66746794871796,234.16009069531347,0
954,954,0,0,217.744,233.84576572478943,0
955,955,0,0,217.71462734157035,233.43103994679564,0
956,956,0,0,217.95702347791484,233.14703653756635,0
957,957,0,0,217.89829161700436,232.81391030417845,0
958,958,0,0,218.2111949186185,232.66858348092418,0
959,959,0,0,218.24861221252974,232.42862778163348,0
960,960,0,0,218.15941455696202,232.74190197512792,0
961,961,0,0,217.9459139360442,232.49849550540915,0
962,962,0,0,218.0461356466877,232.2955517067565,0
963,963,0,0,218.03192747339378,232.2186052171962,0
964,964,0,0,218.05555555555554,232.13288985721414,0
965,965,0,0,218.18095987411488,231.84958148848057,0
966,966,0,0,218.27808326787118,231.8966634683363,0
967,967,0,0,218.29984301412873,231.77397243946237,0
968,968,0,0,218.2904743237946,231.63300306710076,0
969,969,0,0,218.2940485512921,231.46186303337052,0
970,970,0,0,218.32642689601252,231.20769771601948,0
971,971,0,0,218.49532346063913,230.72116748166516,0
972,972,0,0,218.56731517509726,230.441046620078,0
973,973,0,0,218.81916957702754,229.99344169935293,0
974,974,0,0,218.7736434108527,229.77163518420014,0
975,975,0,0,218.76634429400386,229.7271845794472,0
976,976,0,0,218.99420625724218,229.42456009162805,0
977,977,0,0,219.1578541103821,229.27468424640878,0
978,978,0,0,219.14957594448728,229.14185469812676,0
979,979,0,0,219.1587668593449,229.0719992294879,0
980,980,0,0,219.23136049192928,229.01138687249548,0
981,981,0,0,219.2835190165194,228.9490098943178,0
982,982,0,0,219.30786948176583,228.80330775138603,0
983,983,0,0,219.3178858674837,228.49117092158903,0
984,984,0,0,219.27380497131932,228.22771362693123,0
985,985,0,0,219.44452916507817,228.19023973109958,0
986,986,0,0,219.58622002283974,227.91189724993967,0
987,987,0,0,219.57968809433245,227.75984162075332,0
988,988,0,0,219.49506079027356,227.56816820028337,0
989,989,0,0,219.39521640091115,227.5850824183369,0
990,990,0,0,219.26891074130106,228.00270201032797,0
991,991,0,0,219.1485260770975,227.97227706549776,0
992,992,0,0,219.25641025641025,227.52762388541842,0
993,993,0,0,219.41861341371515,227.38606199667316,0
994,994,0,0,219.52558314522196,227.09414744377014,0
995,995,0,0,219.5020653398423,226.91643816941436,0
996,996,0,0,219.47222222222223,226.87741891441726,0
997,997,0,0,219.4876311844078,226.58529871204937,0
998,998,0,0,219.42414050822123,226.1978299310867,0
999,999,0,0,219.37402015677492,226.00168711893124,0
1000,1000,0,0,219.4122905027933,225.62254971088498,0
1001,1001,0,0,219.51357381926366,225.36187903857697,0
1002,1002,0,0,219.42538975501114,224.9935629051137,0
1003,1003,0,0,219.40689910979228,224.88155564330836,0
1004,1004,0,0,219.4727878563495,224.53881580196403,0
1005,1005,0,0,219.61072088724583,224.3143344592048,0
1006,1006,0,0,219.91586715867157,223.95695130945055,0
1007,1007,0,0,220.0611643330877,223.71731939717787,0
1008,1008,0,0,220.26333210739242,223.3982653829403,0
1009,1009,0,0,220.28471711976488,223.21606379570372,0
1010,1010,0,0,220.38788990825688,223.02616301157593,0
1011,1011,0,0,220.74194729136164,222.56352661893513,0
1012,1012,0,0,220.8794300328827,222.19857006565957,0
1013,1013,0,0,221.0485401459854,221.9981223267171,0
1014,1014,0,0,221.0360918702151,221.85778002610786,0
1015,1015,0,0,221.13505642519112,221.58203124997488,0
1016,1016,0,0,221.0760276464169,221.76058383222707,0
1017,1017,0,0,221.22327272727273,221.69735784008125,0
1018,1018,0,0,221.53848946986201,221.48128370233698,0
1019,1019,0,0,221.62844702467345,221.3609661747806,0
1020,1020,0,0,221.96454413892909,220.83445115071834,0
1021,1021,0,0,222.00289226319595,220.70213062113007,0
1022,1022,0,0,222.0690028901734,221.74155595242794,0
1023,1023,0,0,221.97148014440432,221.65918092855424,0
1024,1024,0,0,222.00685178507032,221.44169399194007,0
1025,1025,0,0,221.93801801801803,221.32168376587776,0
1026,1026,0,0,221.98883687432482,221.56444400678163,0
1027,1027,0,0,221.9917236415977,221.46896401829167,0
1028,1028,0,0,222.13012221423438,221.27008382410628,0
1029,1029,0,0,222.13012221423438,221.27008382410628,0
1030,1030,0,0,222.21472172351886,221.3558643246389,0
1031,1031,0,0,222.39627373701182,221.5344101105163,0
1032,1032,0,0,222.37249283667623,221.47856518734469,0
1033,1033,0,0,222.37249283667623,221.47856518734469,0
1034,1034,0,0,222.3297529538131,221.43502772992062,0
1035,1035,0,0,222.2695060844667,221.45632116626956,0
1036,1036,0,0,222.19277539341917,221.64514958785696,0
1037,1037,0,0,222.19771183410796,221.60236180175633,0
1038,1038,0,0,222.34356047092402,221.30653431089652,0
1039,1039,0,0,222.3475935828877,221.1746669777894,0
1040,1040,0,0,222.33451957295372,220.97129632124592,0
1041,1041,0,0,222.2856634649591,220.91336659061918,0
1042,1042,0,0,222.41094916459295,220.79211672806463,0
1043,1043,0,0,222.499644633973,220.74031145427045,0
1044,1044,0,0,222.5017755681818,220.62481483468574,0
1045,1045,0,0,222.56139105748758,220.5286987560153,0
1046,1046,0,0,222.512593118127,220.51377990955638,0
1047,1047,0,0,222.5547290116897,220.24286300893803,0
1048,1048,0,0,222.55414012738854,220.41849769881338,0
1049,1049,0,0,222.67679265277286,220.15320912591153,0
1050,1050,0,0,222.82493835857696,219.76634797275617,0
1051,1051,0,0,222.85638859556494,219.68088296860944,0
1052,1052,0,0,222.82758620689654,219.62124964551123,0
1053,1053,0,0,222.90308988764045,219.34503605717106,0
1054,1054,0,0,222.9978947368421,219.21195254560146,0
1055,1055,0,0,222.96009800490023,218.79115918015756,0
1056,1056,0,0,223.28511530398322,218.81492272512375,0
1057,1057,0,0,223.31413612565444,218.79596216614945,0
1058,1058,0,0,223.37029288702928,218.5991949649365,0
1059,1059,0,0,223.38906304423546,218.44428767704355,0
1060,1060,0,0,223.46140472878997,218.16741488426504,0
1061,1061,0,0,223.6158388329281,218.29519558130423,0
1062,1062,0,0,223.63311350225615,218.18155295221803,0
1063,1063,0,0,223.63311350225615,218.18155295221803,0
1064,1064,0,0,223.6378772112383,218.03192032144824,0
1065,1065,0,0,223.9346698928448,217.95799835279425,0
1066,1066,0,0,223.91295336787564,218.76021884443307,0
1067,1067,0,0,223.87689655172414,219.591186026348,0
1068,1068,0,0,223.76989321391665,219.54606837668686,0
1069,1069,0,0,224.0027519779842,219.29320049337363,0
1070,1070,0,0,224.16426116838488,219.12941139397375,0
1071,1071,0,0,224.1525539938293,218.78393626185627,0
1072,1072,0,0,224.45977404998288,218.54281145945035,0
1073,1073,0,0,224.62222222222223,218.30877561716306,0
1074,1074,0,0,224.67804711505633,218.09930454268982,0
1075,1075,0,0,224.56631435390386,218.09061133429603,0
1076,1076,0,0,224.67893660531698,218.03334413501668,0
1077,1077,0,0,224.63385558583107,217.9245038849985,0
1078,1078,0,0,224.56822048315755,217.79594169621853,0
1079,1079,0,0,224.59327217125383,217.6522002747688,0
1080,1080,0,0,224.99728721600542,217.2828598233372,0
1081,1081,0,0,224.83305113443956,217.211786412256,0
1082,1082,0,0,224.8239864864865,218.46953059005665,0
1083,1083,0,0,224.86765698852128,218.37115873415644,0
1084,1084,0,0,224.8893760539629,218.18697323452852,0
1085,1085,0,0,224.98215488215487,217.95417243198693,0
1086,1086,0,0,225.15545087483176,217.84708201775481,0
1087,1087,0,0,225.09411764705882,222.10109504429158,0
1088,1088,0,0,225.0788590604027,221.81917486871583,0
1089,1089,0,0,225.0897521768252,221.54492751557723,0
1090,1090,0,0,225.15222482435598,221.39551024720836,0
1091,1091,0,0,225.26923076923077,221.32257422371433,0
1092,1092,0,0,225.30314171122996,221.20559308037213,0
1093,1093,0,0,225.2280467445743,221.0440598386583,0
1094,1094,0,0,225.29856714428524,220.7334562676928,0
1095,1095,0,0,225.24650233177883,220.69250951488803,0
1096,1096,0,0,225.1696042567343,220.4135322536958,0
1097,1097,0,0,225.17320478723406,220.35177153424164,0
1098,1098,0,0,225.17607973421926,220.2312699530839,0
1099,1099,0,0,225.15705765407554,219.74857626471353,0
1100,1100,0,0,225.18278145695365,219.65427613430217,0
1101,1101,0,0,225.38934832947405,219.48406907230978,0
1102,1102,0,0,225.58796296296296,219.42402991780824,0
1103,1103,0,0,225.57072042300067,219.3150941096599,0
1104,1104,0,0,225.7642598087702,218.9237631431311,0
1105,1105,0,0,225.80474152123807,218.71639308531326,0
1106,1106,0,0,225.84342105263158,218.7703629705695,0
1107,1107,0,0,225.81898817345598,218.55607409438574,0
1108,1108,0,0,225.8225647753362,218.30555700445157,0
1109,1109,0,0,225.71494102228047,218.13157097711579,0
1110,1110,0,0,225.91658488714427,217.87686632161657,0
1111,1111,0,0,225.95879659908437,217.82145375559796,0
1112,1112,0,0,226.21678093372512,221.29204472294188,0
1113,1113,0,0,226.10205412455167,221.06526273441096,0
1114,1114,0,0,226.08800521512387,221.0101286104727,0
1115,1115,0,0,226.18294270833334,220.75401279856032,0
1116,1116,0,0,226.59051023724408,220.4509770062595,0
1117,1117,0,0,226.60493827160494,220.39482683114616,0
1118,1118,0,0,226.6347713266299,220.14077863337883,0
1119,1119,0,0,226.71266601878847,219.91748978088822,0
1120,1120,0,0,226.49401875202068,219.69629651475185,0
1121,1121,0,0,226.62447529867615,219.46010990803543,0
1122,1122,0,0,226.63375282349145,219.33883223231865,0
1123,1123,0,0,226.88727858293075,219.0474936886366,0
1124,1124,0,0,226.8433075933076,218.9487161827152,0
1125,1125,0,0,226.97140102827763,218.72349203808474,0
1126,1126,0,0,226.97013487475914,218.61353084789903,0
1127,1127,0,0,226.91247194613658,218.32209231885057,0
1128,1128,0,0,227.05350849086832,218.21100186299844,0
1129,1129,0,0,227.05350849086832,218.21100186299844,0
1130,1130,0,0,227.03131991051455,217.83210425031567,0
1131,1131,0,0,227.03131991051455,217.83210425031567,0
1132,1132,0,0,227.21474154435228,217.5359681126271,0
1133,1133,0,0,227.14904458598727,217.52625744440323,0
1134,1134,0,0,227.2036919159771,217.40973400859284,0
1135,1135,0,0,227.3490146217419,217.166300237449,0
1136,1136,0,0,227.38246505717916,217.05139502820947,0
1137,1137,0,0,227.6392766497462,216.8407759121988,0
1138,1138,0,0,227.62856238125397,216.5757197746882,0
1139,1139,0,0,227.6605504587156,216.45442979999248,0
1140,1140,0,0,227.68203347016103,216.15517638686472,0
1141,1141,0,0,227.75748975086722,215.96753214546723,0
1142,1142,0,0,227.82041587901702,215.79584648147062,0
1143,1143,0,0,227.85763670647393,215.47452652188795,0
1144,1144,0,0,227.83448275862068,215.0162788079007,0
1145,1145,0,0,227.81439749608765,215.5226157846388,0
1146,1146,0,0,227.91377694470478,215.2445781283367,0
1147,1147,0,0,227.91822721598004,215.12254368276433,0
1148,1148,0,0,228.00436408977555,214.95477428758136,0
1149,1149,0,0,228.01836861768368,214.81292033836743,0
1150,1150,0,0,227.97856477166823,215.2493264463916,0
1151,1151,0,0,227.97826761875194,215.16141768937626,0
1152,1152,0,0,228.07167235494882,215.0437517957063,0
1153,1153,0,0,228.16212027278362,214.90333946592378,0
1154,1154,0,0,228.16511771995044,214.80343619997637,0
1155,1155,0,0,228.187306501548,214.703407122927,0
1156,1156,0,0,228.08750773036488,215.36086404346875,0
1157,1157,0,0,228.10719802286067,215.2045780263675,0
1158,1158,0,0,228.1574560049398,215.16255985271573,0
1159,1159,0,0,228.3818909762858,214.7719278857874,0
1160,1160,0,0,228.2019053472649,215.47240761936283,0
1161,1161,0,0,228.33404842169782,215.04089677126007,0
1162,1162,0,0,228.2919730392157,215.01035896419336,0
1163,1163,0,0,228.29464012251148,214.96734231907666,0
1164,1164,0,0,228.29464012251148,214.96734231907666,0
1165,1165,0,0,228.48041615667074,214.81499078650685,0
1166,1166,0,0,228.51238153469887,214.66831864092765,0
1167,1167,0,0,228.87595478154597,214.55590844825608,0
1168,1168,0,0,228.85784014643076,214.3500925996045,0
1169,1169,0,0,228.81463414634146,214.27410729154604,0
1170,1170,0,0,228.82688204815605,214.2167276336742,0
1171,1171,0,0,228.75943970767358,214.04699996226708,0
1172,1172,0,0,229.05835866261398,213.74075826343483,0
1173,1173,0,0,229.01154313487243,213.73002746550222,0
1174,1174,0,0,229.03124052168639,213.51089708619241,0
1175,1175,0,0,228.96002422774077,213.32019676702998,0
1176,1176,0,0,228.95769114536114,213.21130748683595,0
1177,1177,0,0,229.00422832980973,213.10202909582858,0
1178,1178,0,0,228.9284852142426,212.99204950410046,0
1179,1179,0,0,228.92010853180585,212.82284228076975,0
1180,1180,0,0,228.8660042155977,212.65111538748994,0
1181,1181,0,0,228.92418772563178,212.48792467241893,0
1182,1182,0,0,229.03694803244218,215.08312502307567,0
1183,1183,0,0,229.1920192019202,214.93276573053893,0
1184,1184,0,0,229.18116376724655,214.8693137725585,0
1185,1185,0,0,229.02065868263472,214.6100125962625,0
1186,1186,0,0,229.0329242741694,214.56387444356815,0
1187,1187,0,0,229.0071791803769,214.46181683596407,0
1188,1188,0,0,229.02331141661685,214.31579899664064,0
1189,1189,0,0,229.01791579575993,214.24626222415637,0
1190,1190,0,0,228.99105278854756,214.07367457131798,0
1191,1191,0,0,229.07213114754097,213.96061969892145,0
1192,1192,0,0,229.07385348421678,213.81419219504158,0
1193,1193,0,0,229.13511904761904,213.69592677028365,0
1194,1194,0,0,229.13593099345627,213.59350346635833,0
1195,1195,0,0,229.1269699672911,213.5483812044544,0
1196,1196,0,0,229.19904931669637,213.37319265893524,0
1197,1197,0,0,229.2070092070092,213.32006044586458,0
1198,1198,0,0,229.2533372886384,213.11391173776238,0
1199,1199,0,0,229.3059590868663,213.0345118132928,0
1200,1200,0,0,229.27302339354458,212.87537706546217,0
1201,1201,0,0,229.3110585452395,213.0285264283866,0
1202,1202,0,0,229.29483013293944,212.8914999758126,0
1203,1203,0,0,229.36658795749705,212.7377246483634,0
1204,1204,0,0,229.28723090533765,212.62404382267934,0
1205,1205,0,0,229.09535020600353,212.44083048168582,0
1206,1206,0,0,229.09267431597527,212.39861643115498,0
1207,1207,0,0,229.20164609053498,212.24631494048882,0
1208,1208,0,0,229.1130690161527,212.21483541748148,0
1209,1209,0,0,228.98973607038124,212.0978710919386,0
1210,1210,0,0,228.83918128654972,213.0842436837494,0
1211,1211,0,0,228.83693746347166,212.99432062425507,0
1212,1212,0,0,228.7958528037383,212.90050889561897,0
1213,1213,0,0,228.7208284714119,212.74864818120346,0
1214,1214,0,0,228.61235791314485,212.7120409140726,0
1215,1215,0,0,228.46303841676368,212.4795957950169,0
1216,1216,0,0,228.42076184937483,212.56283563050613,0
1217,1217,0,0,228.4738675958188,212.30230291893537,0
1218,1218,0,0,228.5635150812065,212.17850292167685,0
1219,1219,0,0,228.54692931633835,212.01227065658242,0
1220,1220,0,0,228.43733719247467,212.17577923221535,0
1221,1221,0,0,228.60352805089647,212.031856683848,0
1222,1222,0,0,228.6201214223764,211.97339707507268,0
1223,1223,0,0,228.79687951459115,211.8678825729603,0
1224,1224,0,0,228.71741637831605,211.5745094524376,0
1225,1225,0,0,228.7854262672811,211.37936577344715,0
1226,1226,0,0,228.68863309352517,211.25126842944795,0
1227,1227,0,0,228.72722046565104,211.05234903396297,0
1228,1228,0,0,228.59793222286044,211.06410336866313,0
1229,1229,0,0,228.53413654618473,210.95941190214316,0
1230,1230,0,0,228.72537227949599,210.73672478366174,0
1231,1231,0,0,228.89734057763798,210.49207121083646,0
1232,1232,0,0,228.91426121749072,210.39757255840405,0
1233,1233,0,0,229.00828098229584,210.2657369517181,0
1234,1234,0,0,229.05959509552324,210.0457441538083,0
1235,1235,0,0,229.1733561058924,209.76441516292672,0
1236,1236,0,0,229.3461319681456,209.6253901030992,0
1237,1237,0,0,229.3470722001137,209.51462066475287,0
1238,1238,0,0,229.39761431411532,209.3756726335374,0
1239,1239,0,0,229.44406587166384,209.32623656296033,0
1240,1240,0,0,229.2674220963173,209.12935803301113,0
1241,1241,0,0,229.262174405436,209.07115300442373,0
1242,1242,0,0,229.23719218794227,209.02065198852372,0
1243,1243,0,0,229.2023170387115,208.85604455627458,0
1244,1244,0,0,229.20062076749434,208.63155824408474,0
1245,1245,0,0,229.44265990419836,208.3689572397072,0
1246,1246,0,0,229.48380737820332,208.2792261631257,0
1247,1247,0,0,229.47481001970166,208.19858005040382,0
1248,1248,0,0,229.42563958391904,208.06728654153562,0
1249,1249,0,0,229.49648777746557,207.99165518050935,0
1250,1250,0,0,229.51136682570868,207.82827467732628,0
1251,1251,0,0,229.524397083567,207.73002426212688,0
1252,1252,0,0,229.55044843049328,207.6323998791324,0
1253,1253,0,0,229.46849621954635,207.5089494265937,0
1254,1254,0,0,229.42109681029658,207.382969673848,0
1255,1255,0,0,229.42550223214286,207.05498413278065,0
1256,1256,0,0,229.3719699080524,207.15116140614828,0
1257,1257,0,0,229.333426183844,207.1147483059984,0
1258,1258,0,0,229.26531180400892,207.04490999445264,0
1259,1259,0,0,229.30217028380633,206.98082634865798,0
1260,1260,0,0,229.29733481399222,207.0498843134186,0
1261,1261,0,0,229.26977518734387,207.00164527125128,0
1262,1262,0,0,229.70906068162927,206.6923522850113,0
1263,1263,0,0,229.85275394409078,206.5077245729563,0
1264,1264,0,0,229.90343110127282,206.47066857854622,0
1265,1265,0,0,229.9903314917127,206.31764535787852,0
1266,1266,0,0,229.96824958586416,206.21919500376268,0
1267,1267,0,0,229.91896361631754,206.0868622180786,0
1268,1268,0,0,229.89807162534436,205.99679140326606,0
1269,1269,0,0,230.0060539350578,205.82148241322338,0
1270,1270,0,0,230.0849601319769,205.67284644309376,0
1271,1271,0,0,230.0244438341115,205.97333184803784,0
1272,1272,0,0,230.1924238265166,205.86531699943816,0
1273,1273,0,0,230.34932821497122,205.71024142372357,0
1274,1274,0,0,230.36794520547946,205.58191853818192,0
1275,1275,0,0,230.4385581649372,205.1635055894275,0
1276,1276,0,0,230.4380796508456,205.7595061368813,0
1277,1277,0,0,230.7412854030501,205.4901455780728,0
1278,1278,0,0,230.60875475802067,205.49358709433758,0
1279,1279,0,0,230.6343648208469,205.2388802371785,0
1280,1280,0,0,230.60862489829128,205.1695260381788,0
1281,1281,0,0,230.59490238611713,205.1194008051605,0
1282,1282,0,0,230.61971830985917,204.94489897107815,0
1283,1283,0,0,230.68344155844156,204.78448376114568,0
1284,1284,0,0,230.85563665855636,204.66066099608557,0
1285,1285,0,0,230.86003782761415,204.5981971719691,0
1286,1286,0,0,230.86003782761415,204.5981971719691,0
1287,1287,0,0,231.03564677288685,204.50499994907975,0
1288,1288,0,0,231.0711590296496,204.20916163678578,0
1289,1289,0,0,231.0786214324179,204.12446295264695,0
1290,1290,0,0,231.27199354317997,204.00501221020653,0
1291,1291,0,0,231.32133261687264,203.8076632536703,0
1292,1292,0,0,231.4419978517723,203.7056716395814,0
1293,1293,0,0,231.47732760933727,203.57985570381047,0
1294,1294,0,0,231.53311879860553,203.47791214652267,0
1295,1295,0,0,231.43798553442272,203.30709710478814,0
1296,1296,0,0,231.43243243243242,203.376441339735,0
1297,1297,0,0,231.4415619149505,203.31312566811985,0
1298,1298,0,0,231.41677798557308,203.14781901307006,0
1299,1299,0,0,231.42696929238986,203.0747293669238,0
1300,1300,0,0,231.5110637163423,203.2937066402945,0
1301,1301,0,0,231.48948069241013,203.16270716287167,0
1302,1302,0,0,231.50266240681577,203.12199873458914,0
1303,1303,0,0,231.61479116786379,202.98506319543304,0
1304,1304,0,0,231.5596915713906,202.9218183250694,0
1305,1305,0,0,231.51779075942645,202.75811548943244,0
1306,1306,0,0,231.5147332094505,202.71747417200154,0
1307,1307,0,0,231.5289124668435,202.5906315873497,0
1308,1308,0,0,231.51060445387063,202.76675025029556,0
1309,1309,0,0,231.49099576271186,202.59411825392615,0
1310,1310,0,0,231.73631314467073,202.9323185494267,0
1311,1311,0,0,231.7468287526427,202.86380273116686,0
1312,1312,0,0,231.90383091149275,202.82294103962417,0
1313,1313,0,0,231.86826821541712,202.7103022881601,0
1314,1314,0,0,231.91079440485618,202.66821095990827,0
1315,1315,0,0,231.81075382182394,202.9428207924169,0
1316,1316,0,0,232.05239599789363,202.77117527742928,0
1317,1317,0,0,232.05343511450383,202.73037814820543,0
1318,1318,0,0,232.14800210304944,202.54890573868545,0
1319,1319,0,0,232.19858156028369,202.4043856796532,0
1320,1320,0,0,232.17458650564453,202.32084127464555,0
1321,1321,0,0,232.41747572815535,202.2325623724186,0
1322,1322,0,0,232.49685534591194,202.05837281511637,0
1323,1323,0,0,232.4387434554974,201.92319745404822,0
1324,1324,0,0,232.4324960753532,201.83520835276775,0
1325,1325,0,0,232.4031878756206,201.9306025539545,0
1326,1326,0,0,232.65179968701096,201.871075274801,0
1327,1327,0,0,232.64876140808343,201.82864740145567,0
1328,1328,0,0,232.60411780036486,201.79658883398778,0
1329,1329,0,0,232.59682457053617,201.65017706335118,0
1330,1330,0,0,232.36814757079762,201.55130704064524,0
1331,1331,0,0,232.4012987012987,201.50509016435763,0
1332,1332,0,0,232.46028037383178,201.4297629458434,0
1333,1333,0,0,232.65836575875485,201.306146417664,0
1334,1334,0,0,232.69354420534094,201.20958585116594,0
1335,1335,0,0,232.56891647271786,200.87191054500764,0
1336,1336,0,0,232.6263565891473,200.73270450359067,0
1337,1337,0,0,232.62981141823818,200.7099745045065,0
1338,1338,0,0,232.8560371517028,200.51924632778287,0
1339,1339,0,0,232.84188805777663,200.47873274603404,0
1340,1340,0,0,232.9742268041237,200.3465624653045,0
1341,1341,0,0,232.97398248325607,200.3237159843111,0
1342,1342,0,0,232.98635075972186,200.27528765479042,0
1343,1343,0,0,233.0939510939511,200.19680014650393,0
1344,1344,0,0,233.1786173220252,199.93277823982285,0
1345,1345,0,0,233.19229781771503,199.78386563012037,0
1346,1346,0,0,233.22484599589322,199.7386480910298,0
1347,1347,0,0,233.19107463452167,199.63357721659352,0
1348,1348,0,0,233.4921854983346,199.46616489071053,0
1349,1349,0,0,233.5120266120778,199.28536390138348,0
1350,1350,0,0,233.5522616917966,199.0894549137044,0
1351,1351,0,0,233.5522616917966,199.0894549137044,0
1352,1352,0,0,233.51584057230454,199.08019797637277,0
1353,1353,0,0,233.54707833631028,198.918757611809,0
1354,1354,0,0,233.52995156767778,198.76419870102836,0
1355,1355,0,0,233.45899133978605,198.67333359667586,0
1356,1356,0,0,233.66030534351145,198.49983216427117,0
1357,1357,0,0,233.60930350788,201.93122262106348,0
1358,1358,0,0,233.61524777636595,201.89207607706433,0
1359,1359,0,0,233.61477907567294,201.7872787083846,0
1360,1360,0,0,233.46224024328433,201.73759503994208,0
1361,1361,0,0,233.52291719422638,201.60566337709233,0
1362,1362,0,0,233.61908377625917,201.5184954270344,0
1363,1363,0,0,233.57493050290626,201.34192681049888,0
1364,1364,0,0,233.5909090909091,201.22786124726798,0
1365,1365,0,0,233.6782740348221,201.1002243691019,0
1366,1366,0,0,233.63744016124969,200.960452875387,0
1367,1367,0,0,233.69906824477462,200.87763122156437,0
1368,1368,0,0,233.85836477987422,200.71998844337188,0
1369,1369,0,0,233.96329813976874,200.60370912290145,0
1370,1370,0,0,234.0097891566265,200.41043433112677,0
1371,1371,0,0,233.94657637321293,200.32062423658218,0
1372,1372,0,0,233.95962888665997,200.2749209216271,0
1373,1373,0,0,234.00200451014783,200.19489125873724,0
1374,1374,0,0,234.00225281602002,200.08445113925615,0
1375,1375,0,0,234.32667831295234,199.63392989119112,0
1376,1376,0,0,234.45672237465703,199.549406340598,0
1377,1377,0,0,234.6195462478185,199.47461382574352,0
1378,1378,0,0,234.61005976095618,199.46699282636519,0
1379,1379,0,0,234.68225926847475,199.3703280624058,0
1380,1380,0,0,234.66633540372672,199.16696010806598,0
1381,1381,0,0,234.64903129657228,199.1364026280229,0
1382,1382,0,0,234.79121151936445,199.0506358496124,0
1383,1383,0,0,235.03521825396825,198.89549271264175,0
1384,1384,0,0,235.02231589387551,198.84641024522958,0
1385,1385,0,0,235.06863230921704,198.8027556481583,0
1386,1386,0,0,235.03888063397721,198.72308886886526,0
1387,1387,0,0,235.30101409844175,198.51394337656097,0
1388,1388,0,0,235.29982711780687,198.32277755377922,0
1389,1389,0,0,235.32090841767464,198.23720291868312,0
1390,1390,0,0,235.27059694129255,198.16844965708884,0
1391,1391,0,0,235.27059694129255,198.16844965708884,0
1392,1392,0,0,235.324297683588,198.03124319481927,0
1393,1393,0,0,235.2849409448819,197.80043680784453,0
1394,1394,0,0,235.36251844564683,197.71160053765738,0
1395,1395,0,0,235.37503072007866,197.6341740542292,0
1396,1396,0,0,235.5447633063527,197.35696860756082,0
1397,1397,0,0,235.53997057381068,197.3127221028072,0
1398,1398,0,0,235.68258633357826,197.1173063072574,0
1399,1399,0,0,235.72711698482624,196.99622262965323,0
1400,1400,0,0,235.80200439990222,196.8450585988095,0
1401,1401,0,0,235.82360127046175,196.7634471222852,0
1402,1402,0,0,235.89455699292165,196.62631088675343,0
1403,1403,0,0,235.9117503656753,196.4797257307379,0
1404,1404,0,0,236.02289890377588,196.3589935548862,0
1405,1405,0,0,235.95474452554745,196.24654013915816,0
1406,1406,0,0,236.01847799659615,196.80418760291477,0
1407,1407,0,0,236.02090422946037,196.7801279274952,0
1408,1408,0,0,235.96793002915453,196.78949450146732,0
1409,1409,0,0,236.05559601845107,196.66094629467008,0
1410,1410,0,0,236.1229090909091,196.478430348757,0
1411,1411,0,0,236.20261754726127,196.43901868640984,0
1412,1412,0,0,236.1674339714078,196.41937402341472,0
1413,1413,0,0,235.9954017424976,196.32957737827468,0
1414,1414,0,0,235.98719806763285,196.11143456078472,0
1415,1415,0,0,235.84290540540542,197.04549108873405,0
1416,1416,0,0,235.87988422575978,197.1663104252131,0
1417,1417,0,0,235.8390361445783,199.2931868720023,0
1418,1418,0,0,235.73634832812124,199.11876335258242,0
1419,1419,0,0,235.7044252044252,199.10273237095544,0
1420,1420,0,0,235.69437770302738,198.98140932551524,0
1421,1421,0,0,235.69437770302738,198.98140932551524,0
1422,1422,0,0,235.67643526303146,198.93996010948254,0
1423,1423,0,0,235.76350540216086,198.86243920739156,0
1424,1424,0,0,235.65347721822542,198.7079062788886,0
1425,1425,0,0,235.75837320574163,198.34919310532868,0
1426,1426,0,0,235.7853215395649,198.23281389352383,0
1427,1427,0,0,235.81317108088763,201.28385789812174,0
1428,1428,0,0,235.77528625954199,201.27377965056868,0
1429,1429,0,0,235.8185935637664,201.1687656900221,0
1430,1430,0,0,235.83654532476803,200.94409944778084,0
1431,1431,0,0,235.8486216730038,200.78716322766113,0
1432,1432,0,0,235.87838479809977,200.71147371633268,0
1433,1433,0,0,235.79848089247568,200.68299597365893,0
1434,1434,0,0,235.89186625563195,200.55490580425342,0
1435,1435,0,0,235.95450236966823,200.64272169035317,0
1436,1436,0,0,235.9647086688773,200.60295417620142,0
1437,1437,0,0,236.0238940146676,200.40006975730662,0
1438,1438,0,0,235.98936421649728,200.25759560053558,0
1439,1439,0,0,236.06591070163006,200.17788103881742,0
